{
    "0.1": {
        "baseline_scores": [
            0.2,
            0.2,
            0.2,
            0.2,
            0.2,
            0.21052631578947367,
            0.21052631578947367,
            0.21052631578947367,
            0.21052631578947367,
            0.21052631578947367
        ],
        "ssl_scores": [
            0.2,
            0.2,
            0.2,
            0.2,
            0.2,
            0.21052631578947367,
            0.21052631578947367,
            0.21052631578947367,
            0.21052631578947367,
            0.21052631578947367
        ],
        "mean_baseline": 0.20526315789473681,
        "mean_ssl": 0.20526315789473681,
        "std_baseline": 0.00554785554415504,
        "std_ssl": 0.00554785554415504,
        "ci_baseline": [
            0.20182456140350874,
            0.2087017543859649
        ],
        "ci_ssl": [
            0.20182456140350874,
            0.2087017543859649
        ],
        "labeled_ratio": 0.2,
        "selected_bands": [
            27,
            33,
            21,
            123,
            39
        ]
    },
    "0.2": {
        "baseline_scores": [
            0.2,
            0.15384615384615385,
            0.15384615384615385,
            0.20512820512820512,
            0.20512820512820512,
            0.20512820512820512,
            0.20512820512820512,
            0.20512820512820512,
            0.1282051282051282,
            0.20512820512820512
        ],
        "ssl_scores": [
            0.15,
            0.20512820512820512,
            0.20512820512820512,
            0.20512820512820512,
            0.20512820512820512,
            0.20512820512820512,
            0.1282051282051282,
            0.20512820512820512,
            0.20512820512820512,
            0.20512820512820512
        ],
        "mean_baseline": 0.18666666666666665,
        "mean_ssl": 0.19192307692307692,
        "std_baseline": 0.02942952371508696,
        "std_ssl": 0.028308861303745606,
        "ci_baseline": [
            0.16842605888951812,
            0.20490727444381518
        ],
        "ci_ssl": [
            0.17437706290469152,
            0.20946909094146232
        ],
        "labeled_ratio": 0.2,
        "selected_bands": [
            27,
            33,
            21,
            123,
            39
        ]
    },
    "0.4": {
        "baseline_scores": [
            0.20253164556962025,
            0.20253164556962025,
            0.20253164556962025,
            0.10256410256410256,
            0.20512820512820512,
            0.20512820512820512,
            0.20512820512820512,
            0.20512820512820512,
            0.20512820512820512,
            0.20512820512820512
        ],
        "ssl_scores": [
            0.20253164556962025,
            0.20253164556962025,
            0.20253164556962025,
            0.20512820512820512,
            0.20512820512820512,
            0.20512820512820512,
            0.20512820512820512,
            0.20512820512820512,
            0.20512820512820512,
            0.20512820512820512
        ],
        "mean_baseline": 0.1940928270042194,
        "mean_ssl": 0.20434923726062965,
        "std_baseline": 0.03218320092499978,
        "std_ssl": 0.0012542574269124238,
        "ci_baseline": [
            0.1741454724099233,
            0.21404018159851548
        ],
        "ci_ssl": [
            0.20357184045334947,
            0.20512663406790982
        ],
        "labeled_ratio": 0.2,
        "selected_bands": [
            27,
            33,
            21,
            123,
            39
        ]
    },
    "0.6": {
        "baseline_scores": [
            0.1016949152542373,
            0.1440677966101695,
            0.1016949152542373,
            0.2033898305084746,
            0.1440677966101695,
            0.09401709401709402,
            0.10256410256410256,
            0.1282051282051282,
            0.10256410256410256,
            0.23076923076923078
        ],
        "ssl_scores": [
            0.2033898305084746,
            0.2033898305084746,
            0.2033898305084746,
            0.2033898305084746,
            0.2033898305084746,
            0.20512820512820512,
            0.20512820512820512,
            0.20512820512820512,
            0.20512820512820512,
            0.20512820512820512
        ],
        "mean_baseline": 0.13530349123569466,
        "mean_ssl": 0.20425901781833983,
        "std_baseline": 0.04721210340442948,
        "std_ssl": 0.0009162038708295936,
        "ci_baseline": [
            0.10604112637815884,
            0.1645658560932305
        ],
        "ci_ssl": [
            0.20369114877589453,
            0.20482688686078512
        ],
        "labeled_ratio": 0.2,
        "selected_bands": [
            27,
            33,
            21,
            123,
            39
        ]
    },
    "0.85": {
        "baseline_scores": [
            0.0718562874251497,
            0.011976047904191617,
            0.23952095808383234,
            0.1437125748502994,
            0.10240963855421686,
            0.20481927710843373,
            0.10843373493975904,
            0.22289156626506024,
            0.21084337349397592,
            0.14457831325301204
        ],
        "ssl_scores": [
            0.20359281437125748,
            0.20359281437125748,
            0.20359281437125748,
            0.20359281437125748,
            0.20481927710843373,
            0.10240963855421686,
            0.20481927710843373,
            0.20481927710843373,
            0.20481927710843373,
            0.20481927710843373
        ],
        "mean_baseline": 0.14610417718779306,
        "mean_ssl": 0.19408772815814154,
        "std_baseline": 0.07386252373965461,
        "std_ssl": 0.032218161688820614,
        "ci_baseline": [
            0.10032371067366205,
            0.19188464370192407
        ],
        "ci_ssl": [
            0.1741187046579325,
            0.21405675165835059
        ],
        "labeled_ratio": 0.2,
        "selected_bands": [
            27,
            33,
            21,
            123,
            39
        ]
    }
}