{
    "0.1": {
        "baseline_scores": [
            0.09090909090909091,
            0.09090909090909091,
            0.09090909090909091,
            0.09090909090909091,
            0.0,
            0.1,
            0.1,
            0.1,
            0.1,
            0.1
        ],
        "ssl_scores": [
            0.09090909090909091,
            0.09090909090909091,
            0.09090909090909091,
            0.09090909090909091,
            0.0,
            0.1,
            0.1,
            0.1,
            0.1,
            0.1
        ],
        "mean_baseline": 0.08636363636363636,
        "mean_ssl": 0.08636363636363636,
        "std_baseline": 0.03067947989593422,
        "std_ssl": 0.03067947989593422,
        "ci_baseline": [
            0.06734829771913882,
            0.10537897500813391
        ],
        "ci_ssl": [
            0.06734829771913882,
            0.10537897500813391
        ],
        "labeled_ratio": 0.2,
        "selected_bands": [
            65,
            113,
            32,
            147,
            18
        ]
    },
    "0.2": {
        "baseline_scores": [
            0.09523809523809523,
            0.0,
            0.09523809523809523,
            0.09523809523809523,
            0.047619047619047616,
            0.047619047619047616,
            0.047619047619047616,
            0.09523809523809523,
            0.1,
            0.1
        ],
        "ssl_scores": [
            0.09523809523809523,
            0.047619047619047616,
            0.09523809523809523,
            0.09523809523809523,
            0.047619047619047616,
            0.047619047619047616,
            0.09523809523809523,
            0.09523809523809523,
            0.1,
            0.1
        ],
        "mean_baseline": 0.07238095238095237,
        "mean_ssl": 0.0819047619047619,
        "std_baseline": 0.03447040203972163,
        "std_ssl": 0.02373533414923015,
        "ci_baseline": [
            0.05101597584873445,
            0.09374592891317028
        ],
        "ci_ssl": [
            0.06719344938516043,
            0.09661607442436336
        ],
        "labeled_ratio": 0.2,
        "selected_bands": [
            65,
            113,
            32,
            147,
            18
        ]
    },
    "0.4": {
        "baseline_scores": [
            0.07142857142857142,
            0.07142857142857142,
            0.047619047619047616,
            0.07142857142857142,
            0.09523809523809523,
            0.09523809523809523,
            0.14634146341463414,
            0.0975609756097561,
            0.0975609756097561,
            0.07317073170731707
        ],
        "ssl_scores": [
            0.07142857142857142,
            0.07142857142857142,
            0.07142857142857142,
            0.07142857142857142,
            0.09523809523809523,
            0.09523809523809523,
            0.0975609756097561,
            0.0975609756097561,
            0.07317073170731707,
            0.07317073170731707
        ],
        "mean_baseline": 0.08670150987224157,
        "mean_ssl": 0.08176538908246225,
        "std_baseline": 0.026559859834380407,
        "std_ssl": 0.01263664950946671,
        "ci_baseline": [
            0.0702395381955945,
            0.10316348154888863
        ],
        "ci_ssl": [
            0.07393311257160205,
            0.08959766559332245
        ],
        "labeled_ratio": 0.2,
        "selected_bands": [
            65,
            113,
            32,
            147,
            18
        ]
    },
    "0.6": {
        "baseline_scores": [
            0.09523809523809523,
            0.1746031746031746,
            0.047619047619047616,
            0.06349206349206349,
            0.047619047619047616,
            0.14516129032258066,
            0.08064516129032258,
            0.04838709677419355,
            0.08064516129032258,
            0.08064516129032258
        ],
        "ssl_scores": [
            0.09523809523809523,
            0.09523809523809523,
            0.07936507936507936,
            0.047619047619047616,
            0.07936507936507936,
            0.04838709677419355,
            0.08064516129032258,
            0.08064516129032258,
            0.08064516129032258,
            0.08064516129032258
        ],
        "mean_baseline": 0.08640552995391707,
        "mean_ssl": 0.07677931387608808,
        "std_baseline": 0.04267165892624912,
        "std_ssl": 0.016367460300283004,
        "ci_baseline": [
            0.059957361739935836,
            0.1128536981678983
        ],
        "ci_ssl": [
            0.06663465688007764,
            0.08692397087209852
        ],
        "labeled_ratio": 0.2,
        "selected_bands": [
            65,
            113,
            32,
            147,
            18
        ]
    },
    "0.85": {
        "baseline_scores": [
            0.10112359550561797,
            0.07865168539325842,
            0.07865168539325842,
            0.056179775280898875,
            0.0449438202247191,
            0.09090909090909091,
            0.022727272727272728,
            0.09090909090909091,
            0.06818181818181818,
            0.045454545454545456
        ],
        "ssl_scores": [
            0.07865168539325842,
            0.0449438202247191,
            0.0449438202247191,
            0.033707865168539325,
            0.07865168539325842,
            0.09090909090909091,
            0.045454545454545456,
            0.045454545454545456,
            0.10227272727272728,
            0.07954545454545454
        ],
        "mean_baseline": 0.06777323799795709,
        "mean_ssl": 0.0644535240040858,
        "std_baseline": 0.024949913419184545,
        "std_ssl": 0.024012973552441707,
        "ci_baseline": [
            0.05230912144754707,
            0.08323735454836712
        ],
        "ci_ssl": [
            0.0495701287995421,
            0.07933691920862951
        ],
        "labeled_ratio": 0.2,
        "selected_bands": [
            65,
            113,
            32,
            147,
            18
        ]
    }
}