{
    "0.1": {
        "baseline_scores": [
            0.125,
            0.125,
            0.12903225806451613,
            0.12903225806451613,
            0.12903225806451613,
            0.12903225806451613,
            0.12903225806451613,
            0.12903225806451613,
            0.12903225806451613,
            0.12903225806451613
        ],
        "ssl_scores": [
            0.125,
            0.125,
            0.12903225806451613,
            0.12903225806451613,
            0.12903225806451613,
            0.12903225806451613,
            0.12903225806451613,
            0.12903225806451613,
            0.12903225806451613,
            0.12903225806451613
        ],
        "mean_baseline": 0.1282258064516129,
        "mean_ssl": 0.1282258064516129,
        "std_baseline": 0.0017001492796604174,
        "std_ssl": 0.0017001492796604174,
        "ci_baseline": [
            0.1271720430107527,
            0.12927956989247313
        ],
        "ci_ssl": [
            0.1271720430107527,
            0.12927956989247313
        ],
        "labeled_ratio": 0.2,
        "selected_bands": [
            88,
            52,
            38,
            72,
            21
        ]
    },
    "0.2": {
        "baseline_scores": [
            0.12698412698412698,
            0.12698412698412698,
            0.12698412698412698,
            0.12698412698412698,
            0.1935483870967742,
            0.12903225806451613,
            0.12903225806451613,
            0.12903225806451613,
            0.12903225806451613,
            0.12903225806451613
        ],
        "ssl_scores": [
            0.12698412698412698,
            0.12698412698412698,
            0.12698412698412698,
            0.12698412698412698,
            0.12903225806451613,
            0.12903225806451613,
            0.12903225806451613,
            0.12903225806451613,
            0.12903225806451613,
            0.12903225806451613
        ],
        "mean_baseline": 0.13466461853558626,
        "mean_ssl": 0.12821300563236043,
        "std_baseline": 0.020714663148590235,
        "std_ssl": 0.0010576503420262635,
        "ci_baseline": [
            0.12182553729909704,
            0.14750369977207548
        ],
        "ci_ssl": [
            0.12755746715878405,
            0.12886854410593682
        ],
        "labeled_ratio": 0.2,
        "selected_bands": [
            88,
            52,
            38,
            72,
            21
        ]
    },
    "0.4": {
        "baseline_scores": [
            0.128,
            0.128,
            0.128,
            0.128,
            0.128,
            0.128,
            0.128,
            0.128,
            0.152,
            0.12903225806451613
        ],
        "ssl_scores": [
            0.128,
            0.128,
            0.128,
            0.128,
            0.128,
            0.128,
            0.128,
            0.128,
            0.128,
            0.12903225806451613
        ],
        "mean_baseline": 0.13050322580645163,
        "mean_ssl": 0.12810322580645161,
        "std_baseline": 0.007560159921375158,
        "std_ssl": 0.0003264286616947985,
        "ci_baseline": [
            0.12581739014042528,
            0.13518906147247797
        ],
        "ci_ssl": [
            0.12790090322580647,
            0.12830554838709676
        ],
        "labeled_ratio": 0.2,
        "selected_bands": [
            88,
            52,
            38,
            72,
            21
        ]
    },
    "0.6": {
        "baseline_scores": [
            0.13297872340425532,
            0.18617021276595744,
            0.11702127659574468,
            0.0851063829787234,
            0.22459893048128343,
            0.12834224598930483,
            0.12834224598930483,
            0.20320855614973263,
            0.10160427807486631,
            0.12834224598930483
        ],
        "ssl_scores": [
            0.1276595744680851,
            0.1276595744680851,
            0.1276595744680851,
            0.1276595744680851,
            0.12834224598930483,
            0.12834224598930483,
            0.12834224598930483,
            0.12834224598930483,
            0.10695187165775401,
            0.12834224598930483
        ],
        "mean_baseline": 0.1435715098418478,
        "mean_ssl": 0.12593013994766186,
        "std_baseline": 0.0454960348972379,
        "std_ssl": 0.006676906470199277,
        "ci_baseline": [
            0.11537277526461963,
            0.17177024441907596
        ],
        "ci_ssl": [
            0.12179175044239186,
            0.13006852945293185
        ],
        "labeled_ratio": 0.2,
        "selected_bands": [
            88,
            52,
            38,
            72,
            21
        ]
    },
    "0.85": {
        "baseline_scores": [
            0.33458646616541354,
            0.6954887218045113,
            0.424812030075188,
            0.5037593984962406,
            0.462406015037594,
            0.5547169811320755,
            0.569811320754717,
            0.37735849056603776,
            0.5660377358490566,
            0.3849056603773585
        ],
        "ssl_scores": [
            0.12781954887218044,
            0.12781954887218044,
            0.12781954887218044,
            0.12781954887218044,
            0.12406015037593984,
            0.12830188679245283,
            0.21132075471698114,
            0.12830188679245283,
            0.12830188679245283,
            0.12830188679245283
        ],
        "mean_baseline": 0.4873882820258193,
        "mean_ssl": 0.1359866647751454,
        "std_baseline": 0.11134720111476862,
        "std_ssl": 0.026500518301728053,
        "ci_baseline": [
            0.41837457177074766,
            0.5564019922808909
        ],
        "ci_ssl": [
            0.11956147336149157,
            0.1524118561887992
        ],
        "labeled_ratio": 0.2,
        "selected_bands": [
            88,
            52,
            38,
            72,
            21
        ]
    }
}