{
    "0.1": {
        "baseline_scores": [
            0.1111111111111111,
            0.1111111111111111,
            0.1111111111111111,
            0.1111111111111111,
            0.1111111111111111,
            0.1111111111111111,
            0.1111111111111111,
            0.1111111111111111,
            0.1111111111111111,
            0.1111111111111111
        ],
        "ssl_scores": [
            0.1111111111111111,
            0.1111111111111111,
            0.1111111111111111,
            0.1111111111111111,
            0.1111111111111111,
            0.1111111111111111,
            0.1111111111111111,
            0.1111111111111111,
            0.1111111111111111,
            0.1111111111111111
        ],
        "mean_baseline": 0.11111111111111112,
        "mean_ssl": 0.11111111111111112,
        "std_baseline": 1.4628472785736255e-17,
        "std_ssl": 1.4628472785736255e-17,
        "ci_baseline": [
            0.1111111111111111,
            0.11111111111111113
        ],
        "ci_ssl": [
            0.1111111111111111,
            0.11111111111111113
        ],
        "labeled_ratio": 0.2,
        "selected_bands": [
            88,
            72,
            53,
            37,
            21
        ]
    },
    "0.2": {
        "baseline_scores": [
            0.1111111111111111,
            0.20833333333333334,
            0.1111111111111111,
            0.1111111111111111,
            0.1388888888888889,
            0.1111111111111111,
            0.1527777777777778,
            0.1111111111111111,
            0.1527777777777778,
            0.1111111111111111
        ],
        "ssl_scores": [
            0.1111111111111111,
            0.1111111111111111,
            0.1111111111111111,
            0.1111111111111111,
            0.1111111111111111,
            0.1111111111111111,
            0.1111111111111111,
            0.1111111111111111,
            0.1111111111111111,
            0.1111111111111111
        ],
        "mean_baseline": 0.13194444444444442,
        "mean_ssl": 0.11111111111111112,
        "std_baseline": 0.0322416395305188,
        "std_ssl": 1.4628472785736255e-17,
        "ci_baseline": [
            0.1119608692271904,
            0.15192801966169844
        ],
        "ci_ssl": [
            0.1111111111111111,
            0.11111111111111113
        ],
        "labeled_ratio": 0.2,
        "selected_bands": [
            88,
            72,
            53,
            37,
            21
        ]
    },
    "0.4": {
        "baseline_scores": [
            0.1111111111111111,
            0.1111111111111111,
            0.1527777777777778,
            0.2013888888888889,
            0.14583333333333334,
            0.1111111111111111,
            0.1111111111111111,
            0.2222222222222222,
            0.125,
            0.1875
        ],
        "ssl_scores": [
            0.1111111111111111,
            0.1111111111111111,
            0.1111111111111111,
            0.1111111111111111,
            0.125,
            0.1111111111111111,
            0.1111111111111111,
            0.1111111111111111,
            0.1111111111111111,
            0.1111111111111111
        ],
        "mean_baseline": 0.14791666666666664,
        "mean_ssl": 0.1125,
        "std_baseline": 0.04205707019794789,
        "std_ssl": 0.004392052305789418,
        "ci_baseline": [
            0.12184942449300228,
            0.17398390884033102
        ],
        "ci_ssl": [
            0.10977777777777778,
            0.11522222222222223
        ],
        "labeled_ratio": 0.2,
        "selected_bands": [
            88,
            72,
            53,
            37,
            21
        ]
    },
    "0.6": {
        "baseline_scores": [
            0.33796296296296297,
            0.6111111111111112,
            0.4212962962962963,
            0.24537037037037038,
            0.1712962962962963,
            0.3148148148148148,
            0.25925925925925924,
            0.2222222222222222,
            0.20833333333333334,
            0.25462962962962965
        ],
        "ssl_scores": [
            0.1111111111111111,
            0.16666666666666666,
            0.1388888888888889,
            0.1111111111111111,
            0.1111111111111111,
            0.1111111111111111,
            0.1111111111111111,
            0.1111111111111111,
            0.1111111111111111,
            0.1111111111111111
        ],
        "mean_baseline": 0.3046296296296297,
        "mean_ssl": 0.11944444444444444,
        "std_baseline": 0.1293868979627619,
        "std_ssl": 0.01874857104751536,
        "ci_baseline": [
            0.2244347994281887,
            0.3848244598310707
        ],
        "ci_ssl": [
            0.10782395971725149,
            0.1310649291716374
        ],
        "labeled_ratio": 0.2,
        "selected_bands": [
            88,
            72,
            53,
            37,
            21
        ]
    },
    "0.85": {
        "baseline_scores": [
            0.8594771241830066,
            0.9738562091503268,
            0.9575163398692811,
            0.9379084967320261,
            0.9248366013071896,
            0.8758169934640523,
            0.9150326797385621,
            0.954248366013072,
            0.9673202614379085,
            0.9147540983606557
        ],
        "ssl_scores": [
            0.1111111111111111,
            0.16339869281045752,
            0.17647058823529413,
            0.1111111111111111,
            0.2875816993464052,
            0.21568627450980393,
            0.1111111111111111,
            0.14052287581699346,
            0.17973856209150327,
            0.11147540983606558
        ],
        "mean_baseline": 0.928076717025608,
        "mean_ssl": 0.16082074359798565,
        "std_baseline": 0.038121513968042454,
        "std_ssl": 0.05768508548511618,
        "ci_baseline": [
            0.9044487578749922,
            0.9517046761762238
        ],
        "ci_ssl": [
            0.12506715719570638,
            0.19657433000026492
        ],
        "labeled_ratio": 0.2,
        "selected_bands": [
            88,
            72,
            53,
            37,
            21
        ]
    }
}