{
    "0.1": {
        "baseline_scores": [
            0.03508771929824561,
            0.07017543859649122,
            0.07017543859649122,
            0.03571428571428571,
            0.07142857142857142,
            0.03571428571428571,
            0.07142857142857142,
            0.07142857142857142,
            0.07142857142857142,
            0.07142857142857142
        ],
        "ssl_scores": [
            0.07017543859649122,
            0.07017543859649122,
            0.07017543859649122,
            0.07142857142857142,
            0.07142857142857142,
            0.14285714285714285,
            0.07142857142857142,
            0.07142857142857142,
            0.07142857142857142,
            0.07142857142857142
        ],
        "mean_baseline": 0.06040100250626566,
        "mean_ssl": 0.0781954887218045,
        "std_baseline": 0.017187676018166512,
        "std_ssl": 0.022727467829519205,
        "ci_baseline": [
            0.049747970541383545,
            0.07105403447114778
        ],
        "ci_ssl": [
            0.06410885821906562,
            0.09228211922454338
        ],
        "labeled_ratio": 0.2,
        "selected_bands": [
            60,
            64,
            175,
            127,
            28
        ]
    },
    "0.2": {
        "baseline_scores": [
            0.035398230088495575,
            0.035398230088495575,
            0.11504424778761062,
            0.1504424778761062,
            0.061946902654867256,
            0.07079646017699115,
            0.0625,
            0.0625,
            0.07142857142857142,
            0.07142857142857142
        ],
        "ssl_scores": [
            0.07079646017699115,
            0.07079646017699115,
            0.07079646017699115,
            0.07079646017699115,
            0.07079646017699115,
            0.10619469026548672,
            0.07142857142857142,
            0.026785714285714284,
            0.07142857142857142,
            0.07142857142857142
        ],
        "mean_baseline": 0.07368836915297092,
        "mean_ssl": 0.07012484197218709,
        "std_baseline": 0.03486572521967955,
        "std_ssl": 0.018816861324878864,
        "ci_baseline": [
            0.05207836877528958,
            0.09529836953065225
        ],
        "ci_ssl": [
            0.05846203049256553,
            0.08178765345180865
        ],
        "labeled_ratio": 0.2,
        "selected_bands": [
            60,
            64,
            175,
            127,
            28
        ]
    },
    "0.4": {
        "baseline_scores": [
            0.5973451327433629,
            0.336283185840708,
            0.5111111111111111,
            0.44,
            0.36,
            0.6133333333333333,
            0.4444444444444444,
            0.49777777777777776,
            0.5377777777777778,
            0.47555555555555556
        ],
        "ssl_scores": [
            0.07964601769911504,
            0.07079646017699115,
            0.11555555555555555,
            0.07111111111111111,
            0.14222222222222222,
            0.07111111111111111,
            0.12444444444444444,
            0.08444444444444445,
            0.07111111111111111,
            0.07111111111111111
        ],
        "mean_baseline": 0.481362831858407,
        "mean_ssl": 0.09015535889872173,
        "std_baseline": 0.0907314599128139,
        "std_ssl": 0.02687508322544529,
        "ci_baseline": [
            0.4251268903820832,
            0.5375987733347308
        ],
        "ci_ssl": [
            0.07349800974011937,
            0.10681270805732408
        ],
        "labeled_ratio": 0.2,
        "selected_bands": [
            60,
            64,
            175,
            127,
            28
        ]
    },
    "0.6": {
        "baseline_scores": [
            0.9112426035502958,
            0.9674556213017751,
            0.985207100591716,
            0.8816568047337278,
            0.8698224852071006,
            1.0,
            0.893491124260355,
            0.9497041420118343,
            0.9080118694362018,
            0.9109792284866469
        ],
        "ssl_scores": [
            0.05621301775147929,
            0.07100591715976332,
            0.15680473372781065,
            0.1834319526627219,
            0.1390532544378698,
            0.19230769230769232,
            0.1804733727810651,
            0.17455621301775148,
            0.24925816023738873,
            0.13649851632047477
        ],
        "mean_baseline": 0.9277570979579653,
        "mean_ssl": 0.1539602830404017,
        "std_baseline": 0.04494082284116317,
        "std_ssl": 0.05727041426803722,
        "ci_baseline": [
            0.8999024873783271,
            0.9556117085376036
        ],
        "ci_ssl": [
            0.11846371252123483,
            0.1894568535595686
        ],
        "labeled_ratio": 0.2,
        "selected_bands": [
            60,
            64,
            175,
            127,
            28
        ]
    },
    "0.85": {
        "baseline_scores": [
            0.8475991649269311,
            0.7974947807933194,
            0.9958246346555324,
            0.8997912317327766,
            0.9916492693110647,
            0.9394572025052192,
            0.9686192468619247,
            0.9895397489539749,
            0.9728033472803347,
            0.9707112970711297
        ],
        "ssl_scores": [
            0.9269311064718163,
            0.9311064718162839,
            0.9248434237995825,
            0.9603340292275574,
            0.9164926931106472,
            0.9478079331941545,
            0.9686192468619247,
            0.9414225941422594,
            0.9330543933054394,
            0.9142259414225942
        ],
        "mean_baseline": 0.9373489924092209,
        "mean_ssl": 0.9364837833352262,
        "std_baseline": 0.06787974769015433,
        "std_ssl": 0.01800195508800354,
        "ci_baseline": [
            0.8952766889083263,
            0.9794212959101154
        ],
        "ci_ssl": [
            0.9253260559740532,
            0.9476415106963992
        ],
        "labeled_ratio": 0.2,
        "selected_bands": [
            60,
            64,
            175,
            127,
            28
        ]
    }
}