{
    "0.1": {
        "baseline_scores": [
            0.7073170731707317,
            0.9024390243902439,
            0.9024390243902439,
            0.7073170731707317,
            0.825
        ],
        "ssl_scores": [
            0.7804878048780488,
            0.926829268292683,
            0.9024390243902439,
            0.7317073170731707,
            0.85
        ],
        "mean_baseline": 0.8089024390243903,
        "mean_ssl": 0.8382926829268292,
        "std_baseline": 0.0979751118708395,
        "std_ssl": 0.08184189862904952,
        "ci_baseline": [
            0.7230234670078236,
            0.894781411040957
        ],
        "ci_ssl": [
            0.7665550958198862,
            0.9100302700337722
        ],
        "labeled_ratio": 0.2,
        "selected_bands": [
            27,
            33,
            21,
            123,
            39
        ]
    },
    "0.2": {
        "baseline_scores": [
            0.7804878048780488,
            0.8536585365853658,
            0.8292682926829268,
            0.9024390243902439,
            0.8888888888888888
        ],
        "ssl_scores": [
            0.8658536585365854,
            0.926829268292683,
            0.9024390243902439,
            0.9146341463414634,
            0.8765432098765432
        ],
        "mean_baseline": 0.8509485094850948,
        "mean_ssl": 0.8972598614875038,
        "std_baseline": 0.04881811256003203,
        "std_ssl": 0.025585975451084632,
        "ci_baseline": [
            0.8081575471438474,
            0.8937394718263423
        ],
        "ci_ssl": [
            0.8748327651788315,
            0.9196869577961762
        ],
        "labeled_ratio": 0.2,
        "selected_bands": [
            27,
            33,
            21,
            123,
            39
        ]
    },
    "0.4": {
        "baseline_scores": [
            0.9085365853658537,
            0.9146341463414634,
            0.8963414634146342,
            0.9024390243902439,
            0.950920245398773
        ],
        "ssl_scores": [
            0.926829268292683,
            0.9817073170731707,
            0.9146341463414634,
            0.9329268292682927,
            0.9754601226993865
        ],
        "mean_baseline": 0.9145742929821937,
        "mean_ssl": 0.9463115367349992,
        "std_baseline": 0.02143120721396549,
        "std_ssl": 0.030268248913852026,
        "ci_baseline": [
            0.8957890116034319,
            0.9333595743609555
        ],
        "ci_ssl": [
            0.9197802467795464,
            0.9728428266904521
        ],
        "labeled_ratio": 0.2,
        "selected_bands": [
            27,
            33,
            21,
            123,
            39
        ]
    },
    "0.6": {
        "baseline_scores": [
            0.9308943089430894,
            0.9390243902439024,
            0.975609756097561,
            0.9349593495934959,
            0.963265306122449
        ],
        "ssl_scores": [
            0.959349593495935,
            0.975609756097561,
            0.9552845528455285,
            0.9471544715447154,
            0.9591836734693877
        ],
        "mean_baseline": 0.9487506222000995,
        "mean_ssl": 0.9593164094906257,
        "std_baseline": 0.0195942327892377,
        "std_ssl": 0.010364126425922947,
        "ci_baseline": [
            0.9315755198984927,
            0.9659257245017063
        ],
        "ci_ssl": [
            0.9502318521340456,
            0.9684009668472058
        ],
        "labeled_ratio": 0.2,
        "selected_bands": [
            27,
            33,
            21,
            123,
            39
        ]
    },
    "0.85": {
        "baseline_scores": [
            0.9742120343839542,
            0.9914040114613181,
            0.9683908045977011,
            0.9540229885057471,
            0.9885057471264368
        ],
        "ssl_scores": [
            0.9885386819484241,
            0.9885386819484241,
            0.9712643678160919,
            0.9741379310344828,
            0.9827586206896551
        ],
        "mean_baseline": 0.9753071172150316,
        "mean_ssl": 0.9810476566874156,
        "std_baseline": 0.015291848788286896,
        "std_ssl": 0.008040761258700227,
        "ci_baseline": [
            0.9619032207652668,
            0.9887110136647964
        ],
        "ci_ssl": [
            0.9739996186914178,
            0.9880956946834133
        ],
        "labeled_ratio": 0.2,
        "selected_bands": [
            27,
            33,
            21,
            123,
            39
        ]
    }
}