{
    "0.1": {
        "baseline_scores": [
            0.14634146341463414,
            0.21951219512195122,
            0.1951219512195122,
            0.21951219512195122,
            0.025
        ],
        "ssl_scores": [
            0.24390243902439024,
            0.0975609756097561,
            0.24390243902439024,
            0.0,
            0.225
        ],
        "mean_baseline": 0.16109756097560976,
        "mean_ssl": 0.1620731707317073,
        "std_baseline": 0.08173506991357819,
        "std_ssl": 0.10929476214676813,
        "ci_baseline": [
            0.08945361336640596,
            0.23274150858481357
        ],
        "ci_ssl": [
            0.0662720877757283,
            0.2578742536876863
        ],
        "labeled_ratio": 0.2,
        "selected_bands": [
            27,
            33,
            21,
            123,
            39,
            46,
            17,
            171,
            56,
            58,
            66,
            74,
            60,
            7,
            11,
            103,
            144,
            198,
            78,
            99
        ]
    },
    "0.2": {
        "baseline_scores": [
            0.8170731707317073,
            0.6951219512195121,
            0.9024390243902439,
            0.7317073170731707,
            0.7530864197530864
        ],
        "ssl_scores": [
            0.08536585365853659,
            0.08536585365853659,
            0.13414634146341464,
            0.14634146341463414,
            0.14814814814814814
        ],
        "mean_baseline": 0.7798855766335441,
        "mean_ssl": 0.11987353206865403,
        "std_baseline": 0.08158810637734569,
        "std_ssl": 0.03195809025391552,
        "ci_baseline": [
            0.7083704482435743,
            0.8514007050235138
        ],
        "ci_ssl": [
            0.09186103087103321,
            0.14788603326627486
        ],
        "labeled_ratio": 0.2,
        "selected_bands": [
            27,
            33,
            21,
            123,
            39,
            46,
            17,
            171,
            56,
            58,
            66,
            74,
            60,
            7,
            11,
            103,
            144,
            198,
            78,
            99
        ]
    },
    "0.4": {
        "baseline_scores": [
            0.9390243902439024,
            0.9817073170731707,
            0.9451219512195121,
            0.9329268292682927,
            0.9631901840490797
        ],
        "ssl_scores": [
            0.9329268292682927,
            0.975609756097561,
            0.9512195121951219,
            0.9573170731707317,
            0.9447852760736196
        ],
        "mean_baseline": 0.9523941343707916,
        "mean_ssl": 0.9523716893610654,
        "std_baseline": 0.019914994618108386,
        "std_ssl": 0.015822834207972106,
        "ci_baseline": [
            0.9349378719296395,
            0.9698503968119436
        ],
        "ci_ssl": [
            0.9385023636698574,
            0.9662410150522734
        ],
        "labeled_ratio": 0.2,
        "selected_bands": [
            27,
            33,
            21,
            123,
            39,
            46,
            17,
            171,
            56,
            58,
            66,
            74,
            60,
            7,
            11,
            103,
            144,
            198,
            78,
            99
        ]
    },
    "0.6": {
        "baseline_scores": [
            0.9796747967479674,
            0.967479674796748,
            0.9512195121951219,
            0.959349593495935,
            0.9591836734693877
        ],
        "ssl_scores": [
            0.967479674796748,
            0.975609756097561,
            0.975609756097561,
            0.9512195121951219,
            0.9795918367346939
        ],
        "mean_baseline": 0.963381450141032,
        "mean_ssl": 0.9699021071843372,
        "std_baseline": 0.01077100878021918,
        "std_ssl": 0.011335264721167708,
        "ci_baseline": [
            0.9539402446760558,
            0.9728226556060083
        ],
        "ci_ssl": [
            0.9599663095802187,
            0.9798379047884558
        ],
        "labeled_ratio": 0.2,
        "selected_bands": [
            27,
            33,
            21,
            123,
            39,
            46,
            17,
            171,
            56,
            58,
            66,
            74,
            60,
            7,
            11,
            103,
            144,
            198,
            78,
            99
        ]
    },
    "0.85": {
        "baseline_scores": [
            0.9828080229226361,
            0.9885386819484241,
            0.9741379310344828,
            0.985632183908046,
            0.9741379310344828
        ],
        "ssl_scores": [
            0.9742120343839542,
            0.9828080229226361,
            0.985632183908046,
            0.9885057471264368,
            0.9885057471264368
        ],
        "mean_baseline": 0.9810509501696144,
        "mean_ssl": 0.983932747093502,
        "std_baseline": 0.006627986148566244,
        "std_ssl": 0.005926002112114974,
        "ci_baseline": [
            0.975241264157423,
            0.9868606361818059
        ],
        "ci_ssl": [
            0.9787383772189634,
            0.9891271169680406
        ],
        "labeled_ratio": 0.2,
        "selected_bands": [
            27,
            33,
            21,
            123,
            39,
            46,
            17,
            171,
            56,
            58,
            66,
            74,
            60,
            7,
            11,
            103,
            144,
            198,
            78,
            99
        ]
    }
}