{
    "0.1": {
        "baseline_scores": [
            0.20512820512820512,
            0.20512820512820512,
            0.1282051282051282,
            0.20512820512820512,
            0.07692307692307693
        ],
        "ssl_scores": [
            0.15384615384615385,
            0.23076923076923078,
            0.1282051282051282,
            0.15384615384615385,
            0.07692307692307693
        ],
        "mean_baseline": 0.1641025641025641,
        "mean_ssl": 0.14871794871794872,
        "std_baseline": 0.05903007401651968,
        "std_ssl": 0.05558841894533026,
        "ci_baseline": [
            0.11236042288119355,
            0.21584470532393465
        ],
        "ci_ssl": [
            0.09999255117673844,
            0.197443346259159
        ],
        "labeled_ratio": 0.2,
        "selected_bands": [
            27,
            33,
            21,
            123,
            39
        ]
    },
    "0.2": {
        "baseline_scores": [
            0.20253164556962025,
            0.20512820512820512,
            0.20512820512820512,
            0.20512820512820512,
            0.20512820512820512
        ],
        "ssl_scores": [
            0.20253164556962025,
            0.20512820512820512,
            0.20512820512820512,
            0.20512820512820512,
            0.20512820512820512
        ],
        "mean_baseline": 0.20460889321648815,
        "mean_ssl": 0.20460889321648815,
        "std_baseline": 0.0011612167361245238,
        "std_ssl": 0.0011612167361245238,
        "ci_baseline": [
            0.20359104186952287,
            0.20562674456345342
        ],
        "ci_ssl": [
            0.20359104186952287,
            0.20562674456345342
        ],
        "labeled_ratio": 0.2,
        "selected_bands": [
            27,
            33,
            21,
            123,
            39
        ]
    },
    "0.4": {
        "baseline_scores": [
            0.20382165605095542,
            0.10828025477707007,
            0.20382165605095542,
            0.08333333333333333,
            0.20512820512820512
        ],
        "ssl_scores": [
            0.20382165605095542,
            0.20382165605095542,
            0.20382165605095542,
            0.20512820512820512,
            0.20512820512820512
        ],
        "mean_baseline": 0.16087702106810392,
        "mean_ssl": 0.2043442756818553,
        "std_baseline": 0.06005433783275548,
        "std_ssl": 0.0007156264020972188,
        "ci_baseline": [
            0.1082370730268947,
            0.21351696910931314
        ],
        "ci_ssl": [
            0.20371700148347477,
            0.2049715498802358
        ],
        "labeled_ratio": 0.2,
        "selected_bands": [
            27,
            33,
            21,
            123,
            39
        ]
    },
    "0.6": {
        "baseline_scores": [
            0.0851063829787234,
            0.0851063829787234,
            0.10212765957446808,
            0.16170212765957448,
            0.09787234042553192
        ],
        "ssl_scores": [
            0.14893617021276595,
            0.20425531914893616,
            0.14468085106382977,
            0.20425531914893616,
            0.0851063829787234
        ],
        "mean_baseline": 0.10638297872340426,
        "mean_ssl": 0.15744680851063828,
        "std_baseline": 0.031843892653395246,
        "std_ssl": 0.049625122509321704,
        "ci_baseline": [
            0.07847057613605468,
            0.13429538131075383
        ],
        "ci_ssl": [
            0.11394847076017976,
            0.20094514626109677
        ],
        "labeled_ratio": 0.2,
        "selected_bands": [
            27,
            33,
            21,
            123,
            39
        ]
    },
    "0.85": {
        "baseline_scores": [
            0.08708708708708708,
            0.1021021021021021,
            0.09309309309309309,
            0.13513513513513514,
            0.09337349397590361
        ],
        "ssl_scores": [
            0.2042042042042042,
            0.2042042042042042,
            0.08408408408408409,
            0.2042042042042042,
            0.26506024096385544
        ],
        "mean_baseline": 0.10215818227866422,
        "mean_ssl": 0.19235138753211042,
        "std_baseline": 0.019196139361058424,
        "std_ssl": 0.066011086478812,
        "ci_baseline": [
            0.0853320242520449,
            0.11898434030528353
        ],
        "ci_ssl": [
            0.134490119091096,
            0.2502126559731248
        ],
        "labeled_ratio": 0.2,
        "selected_bands": [
            27,
            33,
            21,
            123,
            39
        ]
    }
}