{
    "0.1": {
        "baseline_scores": [
            0.047619047619047616,
            0.09523809523809523,
            0.09523809523809523,
            0.09523809523809523,
            0.05
        ],
        "ssl_scores": [
            0.09523809523809523,
            0.09523809523809523,
            0.09523809523809523,
            0.09523809523809523,
            0.05
        ],
        "mean_baseline": 0.07666666666666666,
        "mean_ssl": 0.08619047619047618,
        "std_baseline": 0.0254439047759858,
        "std_ssl": 0.020231091224998093,
        "ci_baseline": [
            0.054364100795349424,
            0.0989692325379839
        ],
        "ci_ssl": [
            0.06845714285714286,
            0.1039238095238095
        ],
        "labeled_ratio": 0.2,
        "selected_bands": [
            65,
            113,
            32,
            147,
            18
        ]
    },
    "0.2": {
        "baseline_scores": [
            0.07142857142857142,
            0.07142857142857142,
            0.09523809523809523,
            0.0975609756097561,
            0.07317073170731707
        ],
        "ssl_scores": [
            0.09523809523809523,
            0.09523809523809523,
            0.09523809523809523,
            0.0975609756097561,
            0.0975609756097561
        ],
        "mean_baseline": 0.08176538908246225,
        "mean_ssl": 0.09616724738675957,
        "std_baseline": 0.013403190839432352,
        "std_ssl": 0.0012722939779446416,
        "ci_baseline": [
            0.07001697431617196,
            0.09351380384875255
        ],
        "ci_ssl": [
            0.09505203254451682,
            0.09728246222900232
        ],
        "labeled_ratio": 0.2,
        "selected_bands": [
            65,
            113,
            32,
            147,
            18
        ]
    },
    "0.4": {
        "baseline_scores": [
            0.09523809523809523,
            0.04819277108433735,
            0.08433734939759036,
            0.1686746987951807,
            0.04819277108433735
        ],
        "ssl_scores": [
            0.08333333333333333,
            0.0963855421686747,
            0.08433734939759036,
            0.1686746987951807,
            0.04819277108433735
        ],
        "mean_baseline": 0.0889271371199082,
        "mean_ssl": 0.09618473895582329,
        "std_baseline": 0.049343553503716615,
        "std_ssl": 0.044338422517715866,
        "ci_baseline": [
            0.04567560548471056,
            0.13217866875510584
        ],
        "ci_ssl": [
            0.05732039806405303,
            0.13504907984759354
        ],
        "labeled_ratio": 0.2,
        "selected_bands": [
            65,
            113,
            32,
            147,
            18
        ]
    },
    "0.6": {
        "baseline_scores": [
            0.096,
            0.096,
            0.072,
            0.096,
            0.08
        ],
        "ssl_scores": [
            0.088,
            0.048,
            0.096,
            0.096,
            0.08
        ],
        "mean_baseline": 0.088,
        "mean_ssl": 0.0816,
        "std_baseline": 0.011313708498984764,
        "std_ssl": 0.01991983935678197,
        "ci_baseline": [
            0.07808309725771195,
            0.09791690274228804
        ],
        "ci_ssl": [
            0.06413949095816505,
            0.09906050904183496
        ],
        "labeled_ratio": 0.2,
        "selected_bands": [
            65,
            113,
            32,
            147,
            18
        ]
    },
    "0.85": {
        "baseline_scores": [
            0.04519774011299435,
            0.0847457627118644,
            0.0847457627118644,
            0.03389830508474576,
            0.04519774011299435
        ],
        "ssl_scores": [
            0.05084745762711865,
            0.04519774011299435,
            0.04519774011299435,
            0.07909604519774012,
            0.07909604519774012
        ],
        "mean_baseline": 0.05875706214689265,
        "mean_ssl": 0.059887005649717516,
        "std_baseline": 0.024168643656731565,
        "std_ssl": 0.017686413381354273,
        "ci_baseline": [
            0.037572311931847666,
            0.07994181236193763
        ],
        "ci_ssl": [
            0.04438418079096045,
            0.07538983050847459
        ],
        "labeled_ratio": 0.2,
        "selected_bands": [
            65,
            113,
            32,
            147,
            18
        ]
    }
}