{
    "0.1": {
        "baseline_scores": [
            0.12698412698412698,
            0.12698412698412698,
            0.12903225806451613,
            0.12903225806451613,
            0.12903225806451613
        ],
        "ssl_scores": [
            0.12698412698412698,
            0.12698412698412698,
            0.12903225806451613,
            0.12903225806451613,
            0.12903225806451613
        ],
        "mean_baseline": 0.12821300563236046,
        "mean_ssl": 0.12821300563236046,
        "std_baseline": 0.0011218075934565632,
        "std_ssl": 0.0011218075934565632,
        "ci_baseline": [
            0.1272296979219959,
            0.12919631334272502
        ],
        "ci_ssl": [
            0.1272296979219959,
            0.12919631334272502
        ],
        "labeled_ratio": 0.2,
        "selected_bands": [
            88,
            52,
            38,
            72,
            21
        ]
    },
    "0.2": {
        "baseline_scores": [
            0.128,
            0.128,
            0.128,
            0.128,
            0.12903225806451613
        ],
        "ssl_scores": [
            0.128,
            0.128,
            0.128,
            0.128,
            0.12903225806451613
        ],
        "mean_baseline": 0.12820645161290323,
        "mean_ssl": 0.12820645161290323,
        "std_baseline": 0.00046163984051608286,
        "std_ssl": 0.00046163984051608286,
        "ci_baseline": [
            0.1278018064516129,
            0.12861109677419355
        ],
        "ci_ssl": [
            0.1278018064516129,
            0.12861109677419355
        ],
        "labeled_ratio": 0.2,
        "selected_bands": [
            88,
            52,
            38,
            72,
            21
        ]
    },
    "0.4": {
        "baseline_scores": [
            0.136,
            0.128,
            0.188,
            0.128,
            0.1285140562248996
        ],
        "ssl_scores": [
            0.128,
            0.128,
            0.128,
            0.128,
            0.1285140562248996
        ],
        "mean_baseline": 0.14170281124497994,
        "mean_ssl": 0.12810281124497994,
        "std_baseline": 0.026102821081851562,
        "std_ssl": 0.0002298929326264779,
        "ci_baseline": [
            0.11882267976631433,
            0.16458294272364554
        ],
        "ci_ssl": [
            0.1279013012048193,
            0.12830432128514058
        ],
        "labeled_ratio": 0.2,
        "selected_bands": [
            88,
            52,
            38,
            72,
            21
        ]
    },
    "0.6": {
        "baseline_scores": [
            0.272,
            0.30133333333333334,
            0.09866666666666667,
            0.128,
            0.3449197860962567
        ],
        "ssl_scores": [
            0.128,
            0.128,
            0.128,
            0.128,
            0.12834224598930483
        ],
        "mean_baseline": 0.22898395721925136,
        "mean_ssl": 0.12806844919786098,
        "std_baseline": 0.10920884168719665,
        "std_ssl": 0.00015305705942245029,
        "ci_baseline": [
            0.13325818686667024,
            0.3247097275718325
        ],
        "ci_ssl": [
            0.1279342887700535,
            0.12820260962566846
        ],
        "labeled_ratio": 0.2,
        "selected_bands": [
            88,
            52,
            38,
            72,
            21
        ]
    },
    "0.85": {
        "baseline_scores": [
            0.327683615819209,
            0.12429378531073447,
            0.608286252354049,
            0.3709981167608286,
            0.2297551789077213
        ],
        "ssl_scores": [
            0.128060263653484,
            0.08662900188323917,
            0.128060263653484,
            0.128060263653484,
            0.128060263653484
        ],
        "mean_baseline": 0.33220338983050846,
        "mean_ssl": 0.11977401129943503,
        "std_baseline": 0.18129344013694498,
        "std_ssl": 0.01852862354237114,
        "ci_baseline": [
            0.17329268307027734,
            0.49111409659073957
        ],
        "ci_ssl": [
            0.10353295668549907,
            0.136015065913371
        ],
        "labeled_ratio": 0.2,
        "selected_bands": [
            88,
            52,
            38,
            72,
            21
        ]
    }
}