{
    "0.1": {
        "baseline_scores": [
            0.1111111111111111,
            0.1111111111111111,
            0.1111111111111111,
            0.1111111111111111,
            0.1111111111111111
        ],
        "ssl_scores": [
            0.1111111111111111,
            0.1111111111111111,
            0.1111111111111111,
            0.1111111111111111,
            0.1111111111111111
        ],
        "mean_baseline": 0.11111111111111112,
        "mean_ssl": 0.11111111111111112,
        "std_baseline": 1.5515838457795457e-17,
        "std_ssl": 1.5515838457795457e-17,
        "ci_baseline": [
            0.1111111111111111,
            0.11111111111111113
        ],
        "ci_ssl": [
            0.1111111111111111,
            0.11111111111111113
        ],
        "labeled_ratio": 0.2,
        "selected_bands": [
            88,
            72,
            53,
            37,
            21
        ]
    },
    "0.2": {
        "baseline_scores": [
            0.1111111111111111,
            0.1111111111111111,
            0.1111111111111111,
            0.14583333333333334,
            0.1111111111111111
        ],
        "ssl_scores": [
            0.1111111111111111,
            0.1111111111111111,
            0.1111111111111111,
            0.1111111111111111,
            0.1111111111111111
        ],
        "mean_baseline": 0.11805555555555554,
        "mean_ssl": 0.11111111111111112,
        "std_baseline": 0.015528249843748548,
        "std_ssl": 1.5515838457795457e-17,
        "ci_baseline": [
            0.10444444444444442,
            0.13166666666666665
        ],
        "ci_ssl": [
            0.1111111111111111,
            0.11111111111111113
        ],
        "labeled_ratio": 0.2,
        "selected_bands": [
            88,
            72,
            53,
            37,
            21
        ]
    },
    "0.4": {
        "baseline_scores": [
            0.2013888888888889,
            0.1111111111111111,
            0.22569444444444445,
            0.1284722222222222,
            0.18055555555555555
        ],
        "ssl_scores": [
            0.1111111111111111,
            0.1111111111111111,
            0.21180555555555555,
            0.1111111111111111,
            0.1111111111111111
        ],
        "mean_baseline": 0.16944444444444445,
        "mean_ssl": 0.13125,
        "std_baseline": 0.048449632590435075,
        "std_ssl": 0.045031924546870765,
        "ci_baseline": [
            0.12697646903726045,
            0.21191241985162845
        ],
        "ci_ssl": [
            0.09177777777777779,
            0.17072222222222222
        ],
        "labeled_ratio": 0.2,
        "selected_bands": [
            88,
            72,
            53,
            37,
            21
        ]
    },
    "0.6": {
        "baseline_scores": [
            0.20833333333333334,
            0.11342592592592593,
            0.1111111111111111,
            0.2337962962962963,
            0.2569444444444444
        ],
        "ssl_scores": [
            0.1111111111111111,
            0.1111111111111111,
            0.1111111111111111,
            0.1111111111111111,
            0.1111111111111111
        ],
        "mean_baseline": 0.18472222222222223,
        "mean_ssl": 0.11111111111111112,
        "std_baseline": 0.068343902876238,
        "std_ssl": 1.5515838457795457e-17,
        "ci_baseline": [
            0.1248161500520889,
            0.24462829439235556
        ],
        "ci_ssl": [
            0.1111111111111111,
            0.11111111111111113
        ],
        "labeled_ratio": 0.2,
        "selected_bands": [
            88,
            72,
            53,
            37,
            21
        ]
    },
    "0.85": {
        "baseline_scores": [
            0.8431372549019608,
            0.6356209150326797,
            0.9575163398692811,
            0.5245098039215687,
            0.5679214402618658
        ],
        "ssl_scores": [
            0.119281045751634,
            0.14705882352941177,
            0.15522875816993464,
            0.1111111111111111,
            0.132569558101473
        ],
        "mean_baseline": 0.7057411507974712,
        "mean_ssl": 0.1330498593327129,
        "std_baseline": 0.1864298503603427,
        "std_ssl": 0.018434168151358066,
        "ci_baseline": [
            0.542328181968662,
            0.8691541196262805
        ],
        "ci_ssl": [
            0.11689159851943438,
            0.1492081201459914
        ],
        "labeled_ratio": 0.2,
        "selected_bands": [
            88,
            72,
            53,
            37,
            21
        ]
    }
}