{
    "0.1": {
        "baseline_scores": [
            0.07079646017699115,
            0.07079646017699115,
            0.07079646017699115,
            0.07142857142857142,
            0.03571428571428571
        ],
        "ssl_scores": [
            0.07079646017699115,
            0.035398230088495575,
            0.07079646017699115,
            0.07142857142857142,
            0.07142857142857142
        ],
        "mean_baseline": 0.06390644753476611,
        "mean_ssl": 0.06396965865992414,
        "std_baseline": 0.01576227425386302,
        "std_ssl": 0.015975040906830884,
        "ci_baseline": [
            0.050090204983806175,
            0.07772269008572605
        ],
        "ci_ssl": [
            0.04996691791480676,
            0.07797239940504153
        ],
        "labeled_ratio": 0.2,
        "selected_bands": [
            60,
            64,
            175,
            127,
            28
        ]
    },
    "0.2": {
        "baseline_scores": [
            0.11946902654867257,
            0.07111111111111111,
            0.07111111111111111,
            0.07111111111111111,
            0.08888888888888889
        ],
        "ssl_scores": [
            0.07079646017699115,
            0.07111111111111111,
            0.07111111111111111,
            0.07111111111111111,
            0.03111111111111111
        ],
        "mean_baseline": 0.08433824975417896,
        "mean_ssl": 0.06304818092428713,
        "std_baseline": 0.02109354987174812,
        "std_ssl": 0.0178538846558834,
        "ci_baseline": [
            0.06584893808537473,
            0.10282756142298319
        ],
        "ci_ssl": [
            0.04739856102111281,
            0.07869780082746144
        ],
        "labeled_ratio": 0.2,
        "selected_bands": [
            60,
            64,
            175,
            127,
            28
        ]
    },
    "0.4": {
        "baseline_scores": [
            0.4700665188470067,
            0.25055432372505543,
            0.34444444444444444,
            0.2644444444444444,
            0.20222222222222222
        ],
        "ssl_scores": [
            0.07095343680709534,
            0.024390243902439025,
            0.16444444444444445,
            0.07111111111111111,
            0.04888888888888889
        ],
        "mean_baseline": 0.3063463907366347,
        "mean_ssl": 0.07595762503079576,
        "std_baseline": 0.10484048878905955,
        "std_ssl": 0.053080973709166666,
        "ci_baseline": [
            0.21444965052379117,
            0.3982431309494783
        ],
        "ci_ssl": [
            0.029430100144770037,
            0.12248514991682147
        ],
        "labeled_ratio": 0.2,
        "selected_bands": [
            60,
            64,
            175,
            127,
            28
        ]
    },
    "0.6": {
        "baseline_scores": [
            0.8165680473372781,
            0.4718934911242604,
            0.5621301775147929,
            0.7851851851851852,
            0.37333333333333335
        ],
        "ssl_scores": [
            0.19230769230769232,
            0.15976331360946747,
            0.07100591715976332,
            0.07111111111111111,
            0.07111111111111111
        ],
        "mean_baseline": 0.60182204689897,
        "mean_ssl": 0.11305982905982907,
        "std_baseline": 0.1939083878499145,
        "std_ssl": 0.05862883394629946,
        "ci_baseline": [
            0.43185385093616724,
            0.7717902428617728
        ],
        "ci_ssl": [
            0.06166939026680372,
            0.16445026785285444
        ],
        "labeled_ratio": 0.2,
        "selected_bands": [
            60,
            64,
            175,
            127,
            28
        ]
    },
    "0.85": {
        "baseline_scores": [
            0.9937369519832986,
            0.58098223615465,
            0.9602925809822361,
            0.9989550679205852,
            0.8840125391849529
        ],
        "ssl_scores": [
            0.6189979123173278,
            0.8338557993730408,
            0.8150470219435737,
            0.9373040752351097,
            0.9070010449320794
        ],
        "mean_baseline": 0.8835958752451447,
        "mean_ssl": 0.8224411707602263,
        "std_baseline": 0.17528289488932045,
        "std_ssl": 0.12441662442507544,
        "ci_baseline": [
            0.7299536436850801,
            1.0372381068052094
        ],
        "ci_ssl": [
            0.7133851910999788,
            0.9314971504204738
        ],
        "labeled_ratio": 0.2,
        "selected_bands": [
            60,
            64,
            175,
            127,
            28
        ]
    }
}